ÖSYM Program Kodu,Üniversite Türü,Üniversite,Fakülte / Yüksekokul,Puan Türü,Burs Türü,Genel Kontenjan,Okul Birincisi Kontenjanı,Toplam Kontenjan,Genel Kontenjana Yerleşen,Okul Birincisi Kontenjanına Yerleşen,Toplam Yerleşen,Boş Kalan Kontenjan,İlk Yerleşme Oranı,Yerleşip Kayıt Yaptırmayan,Ek Yerleşen,,,,"0,12 Katsayı ile Yerleşen Son Kişinin Başarı Sırası","0,12 + 0,06 Katsayı ile Yerleşen Son Kişinin Başarı Sırası",2018'de Yerleşip 2019'de OBP'si Kırılarak Yerleşen Sayısı,Yerleşenlerin Ortalama OBP'si,Yerleşenlerin Ortalama Diploma Notu
106510014,Devlet,ABDULLAH GÜL ÜNİVERSİTESİ ,Mimarlık Fakültesi,SAY,Ücretsiz,60,2,62,60,2,62,---,"% 100,0",1,1,"373,67182",---,"447,87037",86.951,---,1,"440,371","88,1"
110410224,Devlet,ADANA ALPARSLAN TÜRKEŞ BİLİM VE TEKNOLOJİ ÜNİVERSİTESİ ,Mimarlık ve Tasarım Fakültesi,SAY,Ücretsiz,70,2,72,72,---,72,---,"% 100,0",4,4,"277,44489",---,"388,24557",244.841,---,4,"404,785","81,0"
100710648,Devlet,AKDENİZ ÜNİVERSİTESİ ,Mimarlık Fakültesi,SAY,Ücretsiz,90,3,93,90,3,93,---,"% 100,0",---,---,"387,17640",---,"429,72910",75.115,---,3,"436,495","87,3"
100810523,Devlet,AKSARAY ÜNİVERSİTESİ ,Mimarlık ve Tasarım Fakültesi,SAY,Ücretsiz,70,2,72,72,---,72,---,"% 100,0",---,---,"276,89847",---,"360,95702",246.403,---,4,"416,338","83,3"
110590041,Devlet,ALANYA ALAADDİN KEYKUBAT ÜNİVERSİTESİ ,"Sanat, Tasarım ve Mimarlık Fakültesi",SAY,Ücretsiz,70,2,72,70,2,72,---,"% 100,0",2,2,"329,32831",---,"379,45825",137.837,---,2,"413,479","82,7"
110090032,Devlet,ANKARA YILDIRIM BEYAZIT ÜNİVERSİTESİ ,Mimarlık Fakültesi,SAY,Ücretsiz,80,2,82,80,2,82,---,"% 100,0",---,---,"392,03649",---,"428,30165",71.090,---,---,"443,484","88,7"
101370261,Devlet,ARTVİN ÇORUH ÜNİVERSİTESİ ,Sanat ve Tasarım Fakültesi,SAY,Ücretsiz,80,2,82,82,---,82,---,"% 100,0",---,---,"286,26974",---,"335,59942",220.906,---,2,"398,981","79,8"
101411161,Devlet,ATATÜRK ÜNİVERSİTESİ ,Mimarlık ve Tasarım Fakültesi,SAY,Ücretsiz,80,2,82,81,1,82,---,"% 100,0",---,---,"316,35444",---,"413,75683",158.119,---,2,"413,587","82,7"
101510153,Devlet,BALIKESİR ÜNİVERSİTESİ ,Mimarlık Fakültesi,SAY,Ücretsiz,90,3,93,93,---,93,---,"% 100,0",---,---,"323,94625",---,"409,18783",145.974,---,2,"429,079","85,8"
102090072,Devlet,BİNGÖL ÜNİVERSİTESİ ,Mühendislik-Mimarlık Fakültesi,SAY,Ücretsiz,50,2,52,52,---,52,---,"% 100,0",1,1,"277,50185",---,"389,90065",244.688,---,7,"395,963","79,2"
100110406,Devlet,BOLU ABANT İZZET BAYSAL ÜNİVERSİTESİ ,Mimarlık Fakültesi,SAY,Ücretsiz,80,2,82,80,2,82,---,"% 100,0",---,---,"326,50839",---,"427,03949",142.036,---,3,"418,341","83,7"
107310322,Devlet,BURDUR MEHMET AKİF ERSOY ÜNİVERSİTESİ ,Mühendislik-Mimarlık Fakültesi,SAY,Ücretsiz,70,2,72,60,---,60,12,"% 83,3",1,13,Dolmadı,---,"361,26594",Dolmadı,---,5,"418,553","83,7"
102410189,Devlet,BURSA TEKNİK ÜNİVERSİTESİ ,Mimarlık ve Tasarım Fakültesi,SAY,Ücretsiz,90,3,93,90,3,93,---,"% 100,0",1,1,"362,80119",---,"404,57819",97.648,---,3,"432,478","86,5"
109710348,Devlet,BURSA ULUDAĞ ÜNİVERSİTESİ ,Mimarlık Fakültesi,SAY,Ücretsiz,100,3,103,100,3,103,---,"% 100,0",---,---,"394,61312",---,"457,83793",68.969,---,3,"437,881","87,6"
102910349,Devlet,ÇUKUROVA ÜNİVERSİTESİ ,Mimarlık Fakültesi,SAY,Ücretsiz,90,3,93,92,1,93,---,"% 100,0",---,---,"349,25736",---,"418,70448",112.312,---,6,"431,924","86,4"
103010204,Devlet,DİCLE ÜNİVERSİTESİ ,Mimarlık Fakültesi,SAY,Ücretsiz,100,3,103,103,---,103,---,"% 100,0",---,---,"295,44553",---,"427,83189",198.929,---,11,"413,861","82,8"
103110424,Devlet,DOKUZ EYLÜL ÜNİVERSİTESİ ,Mimarlık Fakültesi,SAY,Ücretsiz,100,3,103,100,3,103,---,"% 100,0",---,---,"408,03893",---,"443,28754",58.602,---,1,"443,490","88,7"
103310361,Devlet,DÜZCE ÜNİVERSİTESİ  ,"Sanat, Tasarım ve Mimarlık Fakültesi",SAY,Ücretsiz,80,2,82,81,---,81,1,"% 98,8",1,2,Dolmadı,---,"361,29324",Dolmadı,---,5,"409,638","81,9"
103510305,Devlet,ERCİYES ÜNİVERSİTESİ ,Mimarlık Fakültesi,SAY,Ücretsiz,90,3,93,90,3,93,---,"% 100,0",1,1,"342,12488",---,"419,05329",120.715,---,6,"424,770","85,0"
103810268,Devlet,ESKİŞEHİR OSMANGAZİ ÜNİVERSİTESİ ,Mühendislik-Mimarlık Fakültesi,SAY,Ücretsiz,90,3,93,90,3,93,---,"% 100,0",2,1,"389,52045",---,"423,86224",73.186,---,4,"432,985","86,6"
112410449,Devlet,ESKİŞEHİR TEKNİK ÜNİVERSİTESİ ,Mimarlık ve Tasarım Fakültesi,SAY,Ücretsiz,100,3,103,100,3,103,---,"% 100,0",---,---,"400,80479",---,"436,63567",64.082,---,1,"445,942","89,2"
103910858,Devlet,FIRAT ÜNİVERSİTESİ ,Mimarlık Fakültesi,SAY,Ücretsiz,90,3,93,92,1,93,---,"% 100,0",4,4,"296,36582",---,"407,55748",196.858,---,4,"417,001","83,4"
104110687,Devlet,GAZİ ÜNİVERSİTESİ ,Mimarlık Fakültesi,SAY,Ücretsiz,100,3,103,100,3,103,---,"% 100,0",---,---,"417,48648",---,"467,25074",51.600,---,3,"448,910","89,8"
104210429,Devlet,GAZİANTEP ÜNİVERSİTESİ ,Mimarlık Fakültesi,SAY,Ücretsiz,80,2,82,82,---,82,---,"% 100,0",---,---,"316,79253",---,"411,95451",157.354,---,6,"423,490","84,7"
104410066,Devlet,GEBZE TEKNİK ÜNİVERSİTESİ ,Mimarlık Fakültesi,SAY,Ücretsiz,90,3,93,90,3,93,---,"% 100,0",1,1,"391,03680",---,"425,53728",71.952,---,2,"438,534","87,7"
105090103,Devlet,HARRAN ÜNİVERSİTESİ ,Güzel Sanatlar Fakültesi,SAY,Ücretsiz,60,2,62,62,---,62,---,"% 100,0",---,---,"282,05863",---,"370,53073",231.862,---,2,"404,300","80,9"
107710415,Devlet,HATAY MUSTAFA KEMAL ÜNİVERSİTESİ ,Mimarlık Fakültesi,SAY,Ücretsiz,80,2,82,75,---,75,7,"% 91,5",2,9,Dolmadı,---,"391,76613",Dolmadı,---,4,"405,298","81,1"
110790023,Devlet,İSKENDERUN TEKNİK ÜNİVERSİTESİ ,Mimarlık Fakültesi,SAY,Ücretsiz,70,2,72,72,---,72,---,"% 100,0",---,---,"304,44769",---,"355,01823",179.832,---,5,"407,588","81,5"
105510477,Devlet,İSTANBUL TEKNİK ÜNİVERSİTESİ ,Mimarlık Fakültesi,SAY,Ücretsiz,110,3,113,110,3,113,---,"% 100,0",---,---,"454,36221",---,"507,63608",27.657,---,4,"458,770","91,8"
105510865,Devlet,İSTANBUL TEKNİK ÜNİVERSİTESİ ,Mimarlık Fakültesi,SAY,Ücretsiz,60,2,62,60,2,62,---,"% 100,0",---,---,"474,15344",---,"522,86014",16.990,---,2,"458,742","91,7"
105590126,Devlet,İSTANBUL TEKNİK ÜNİVERSİTESİ ,Mimarlık Fakültesi,SAY,Ücretli,15,---,15,0,---,---,15,"% 0,0",---,---,---,---,---,Dolmadı,---,---,---,---
105690584,Devlet,İSTANBUL ÜNİVERSİTESİ  ,Mimarlık Fakültesi,SAY,Ücretsiz,70,2,72,70,2,72,---,"% 100,0",---,---,"407,57482",---,"441,88315",58.952,---,1,"431,394","86,3"
111110074,Devlet,İZMİR DEMOKRASİ ÜNİVERSİTESİ ,Mimarlık Fakültesi,SAY,Ücretsiz,80,2,82,80,2,82,---,"% 100,0",---,---,"367,01792",---,"411,17823",93.336,---,3,"436,166","87,2"
105810041,Devlet,İZMİR YÜKSEK TEKNOLOJİ ENSTİTÜSÜ ,Mimarlık Fakültesi,SAY,Ücretsiz,90,3,93,90,3,93,---,"% 100,0",---,---,"411,55347",---,"477,67286",55.957,---,2,"446,100","89,2"
106110884,Devlet,KARABÜK ÜNİVERSİTESİ ,Mimarlık Fakültesi,SAY,Ücretsiz,90,3,93,65,---,65,28,"% 69,9",---,19,Dolmadı,---,"377,35486",Dolmadı,---,1,"409,508","81,9"
106210335,Devlet,KARADENİZ TEKNİK ÜNİVERSİTESİ ,Mimarlık Fakültesi,SAY,Ücretsiz,100,3,103,100,3,103,---,"% 100,0",---,---,"373,10882",---,"422,24928",87.493,---,4,"435,323","87,1"
106710278,Devlet,KIRKLARELİ ÜNİVERSİTESİ ,Mimarlık Fakültesi,SAY,Ücretsiz,90,3,93,76,---,76,17,"% 81,7",5,18,Dolmadı,---,"392,09808",Dolmadı,---,5,"403,495","80,7"
106910276,Devlet,KOCAELİ ÜNİVERSİTESİ ,Mimarlık ve Tasarım Fakültesi,SAY,Ücretsiz,100,3,103,100,3,103,---,"% 100,0",---,---,"372,82844",---,"428,93891",87.754,---,5,"430,624","86,1"
111310694,Devlet,KONYA TEKNİK ÜNİVERSİTESİ ,Mimarlık ve Tasarım Fakültesi,SAY,Ücretsiz,100,3,103,101,2,103,---,"% 100,0",---,---,"353,72160",---,"456,47436",107.289,---,4,"436,057","87,2"
107110015,Devlet,MARDİN ARTUKLU ÜNİVERSİTESİ ,Mühendislik-Mimarlık Fakültesi,SAY,Ücretsiz,80,2,82,45,---,45,37,"% 54,9",1,9,Dolmadı,---,"357,36400",Dolmadı,---,3,"408,134","81,6"
107410287,Devlet,MERSİN ÜNİVERSİTESİ  ,Mimarlık Fakültesi,SAY,Ücretsiz,90,3,93,92,1,93,---,"% 100,0",2,2,"310,60283",---,"400,68736",168.224,---,6,"410,441","82,1"
107510092,Devlet,MİMAR SİNAN GÜZEL SANATLAR ÜNİVERSİTESİ ,Mimarlık Fakültesi,SAY,Ücretsiz,110,3,113,110,3,113,---,"% 100,0",1,1,"434,16158",---,"460,93520",40.124,---,---,"448,816","89,8"
107690157,Devlet,MUĞLA SITKI KOÇMAN ÜNİVERSİTESİ ,Mimarlık Fakültesi,SAY,Ücretsiz,70,2,72,70,2,72,---,"% 100,0",---,---,"351,78829",---,"400,47976",109.389,---,3,"428,033","85,6"
107010519,Devlet,NECMETTİN ERBAKAN ÜNİVERSİTESİ ,Mühendislik ve Mimarlık Fakültesi,SAY,Ücretsiz,90,3,93,92,1,93,---,"% 100,0",3,3,"313,06012",---,"405,46573",163.831,---,3,"425,128","85,0"
108110357,Devlet,NİĞDE ÖMER HALİSDEMİR ÜNİVERSİTESİ  ,Mimarlık Fakültesi,SAY,Ücretsiz,70,2,72,56,---,56,16,"% 77,8",2,12,Dolmadı,---,"355,18641",Dolmadı,---,1,"409,104","81,8"
108210965,Devlet,ONDOKUZ MAYIS ÜNİVERSİTESİ ,Mimarlık Fakültesi,SAY,Ücretsiz,80,2,82,80,2,82,---,"% 100,0",---,---,"360,95843",---,"423,95373",99.549,---,5,"432,345","86,5"
108410318,Devlet,ORTA DOĞU TEKNİK ÜNİVERSİTESİ ,Mimarlık Fakültesi,SAY,Ücretsiz,100,3,103,100,3,103,---,"% 100,0",---,---,"459,33576",---,"501,37531",24.807,---,3,"460,087","92,0"
108610722,Devlet,PAMUKKALE ÜNİVERSİTESİ ,Mimarlık ve Tasarım Fakültesi,SAY,Ücretsiz,80,2,82,80,2,82,---,"% 100,0",---,---,"350,01110",---,"413,23543",111.447,---,2,"441,339","88,3"
108810871,Devlet,SAKARYA ÜNİVERSİTESİ  ,"Sanat, Tasarım ve Mimarlık Fakültesi",SAY,Ücretsiz,80,2,82,80,2,82,---,"% 100,0",---,---,"350,53377",---,"422,18561",110.842,---,1,"420,049","84,0"
109010346,Devlet,SİİRT ÜNİVERSİTESİ ,Güzel Sanatlar ve Tasarım Fakültesi,SAY,Ücretsiz,70,2,72,42,---,42,30,"% 58,3",2,---,Dolmadı,---,"411,04030",Dolmadı,---,2,"395,062","79,0"
102610776,Devlet,SİVAS CUMHURİYET ÜNİVERSİTESİ ,"Mimarlık, Güzel Sanatlar ve Tasarım Fakültesi",SAY,Ücretsiz,80,2,82,82,---,82,---,"% 100,0",4,4,"297,27615",---,"429,36240",194.868,---,7,"416,851","83,4"
109210308,Devlet,SÜLEYMAN DEMİREL ÜNİVERSİTESİ ,Mimarlık Fakültesi,SAY,Ücretsiz,90,3,93,92,1,93,---,"% 100,0",1,1,"322,49612",---,"430,83754",148.127,---,7,"431,517","86,3"
107910352,Devlet,TEKİRDAĞ NAMIK KEMAL ÜNİVERSİTESİ ,"Güzel Sanatlar, Tasarım ve Mimarlık Fakültesi",SAY,Ücretsiz,80,2,82,82,---,82,---,"% 100,0",1,1,"289,07563",---,"377,13272",213.835,---,10,"412,309","82,5"
109410218,Devlet,TRAKYA ÜNİVERSİTESİ ,Mimarlık Fakültesi,SAY,Ücretsiz,100,3,103,102,1,103,---,"% 100,0",---,---,"321,07525",---,"412,59981",150.375,---,8,"426,041","85,2"
109490232,Devlet,TRAKYA ÜNİVERSİTESİ ,Mimarlık Fakültesi,SAY,Ücretli,10,---,10,0,---,---,10,"% 0,0",---,---,---,---,---,Dolmadı,---,---,---,---
110210718,Devlet,VAN YÜZÜNCÜ YIL ÜNİVERSİTESİ ,Mimarlık ve Tasarım Fakültesi,SAY,Ücretsiz,80,2,82,82,---,82,---,"% 100,0",2,2,"287,70060",---,"418,83791",217.227,---,7,"401,278","80,3"
110110252,Devlet,YILDIZ TEKNİK ÜNİVERSİTESİ ,Mimarlık Fakültesi,SAY,Ücretsiz,140,4,144,140,4,144,---,"% 100,0",---,---,"426,53422",---,"474,62865",45.339,---,4,"446,367","89,3"
110110482,Devlet,YILDIZ TEKNİK ÜNİVERSİTESİ ,Mimarlık Fakültesi,SAY,Ücretsiz,60,2,62,60,2,62,---,"% 100,0",---,---,"444,56592",---,"470,42937",33.587,---,---,"452,502","90,5"
102310107,Devlet,YOZGAT BOZOK ÜNİVERSİTESİ ,Mühendislik-Mimarlık Fakültesi,SAY,Ücretsiz,80,2,82,46,---,46,36,"% 56,1",3,8,Dolmadı,---,"363,72376",Dolmadı,---,6,"407,548","81,5"
206990054,Vakıf,ALANYA HAMDULLAH EMİN PAŞA ÜNİVERSİTESİ ,Mimarlık Fakültesi,SAY,Burslu,4,---,4,4,---,4,---,"% 100,0",---,---,"328,98801",---,"342,74685",138.299,---,---,"413,963","82,8"
206990055,Vakıf,ALANYA HAMDULLAH EMİN PAŞA ÜNİVERSİTESİ ,Mimarlık Fakültesi,SAY,%50 İndirimli,26,---,26,8,---,8,18,"% 30,8",---,---,Dolmadı,---,"328,41766",Dolmadı,---,2,"375,988","75,2"
206990056,Vakıf,ALANYA HAMDULLAH EMİN PAŞA ÜNİVERSİTESİ ,Mimarlık Fakültesi,SAY,%25 İndirimli,10,---,10,0,---,---,10,"% 0,0",---,---,---,---,---,Dolmadı,---,---,---,---
206910027,Vakıf,ALANYA HAMDULLAH EMİN PAŞA ÜNİVERSİTESİ ,Mimarlık Fakültesi,SAY,Burslu,4,---,4,4,---,4,---,"% 100,0",1,---,"350,31239",---,"375,29195",111.113,---,---,"436,563","87,3"
206910045,Vakıf,ALANYA HAMDULLAH EMİN PAŞA ÜNİVERSİTESİ ,Mimarlık Fakültesi,SAY,%50 İndirimli,30,---,30,6,---,6,24,"% 20,0",---,---,Dolmadı,---,"333,86554",Dolmadı,---,---,"411,067","82,2"
206910054,Vakıf,ALANYA HAMDULLAH EMİN PAŞA ÜNİVERSİTESİ ,Mimarlık Fakültesi,SAY,%25 İndirimli,6,---,6,0,---,---,6,"% 0,0",---,---,---,---,---,Dolmadı,---,---,---,---
202911249,Vakıf,ALTINBAŞ ÜNİVERSİTESİ ,Mühendislik ve Doğa Bilimleri Fakültesi,SAY,Burslu,4,---,4,4,---,4,---,"% 100,0",---,---,"355,00193",---,"379,13554",105.889,---,---,"395,763","79,2"
202911258,Vakıf,ALTINBAŞ ÜNİVERSİTESİ ,Mühendislik ve Doğa Bilimleri Fakültesi,SAY,%50 İndirimli,26,---,26,2,---,2,24,"% 7,7",---,---,Dolmadı,---,"283,51061",Dolmadı,---,---,"408,450","81,7"
202910172,Vakıf,ALTINBAŞ ÜNİVERSİTESİ ,Mühendislik ve Doğa Bilimleri Fakültesi,SAY,Burslu,4,---,4,4,---,4,---,"% 100,0",1,---,"389,99801",---,"395,75863",72.781,---,---,"463,800","92,8"
202910727,Vakıf,ALTINBAŞ ÜNİVERSİTESİ ,Mühendislik ve Doğa Bilimleri Fakültesi,SAY,%50 İndirimli,26,---,26,2,---,2,24,"% 7,7",---,---,Dolmadı,---,"291,44092",Dolmadı,---,---,"424,575","84,9"
206410465,Vakıf,ANTALYA BİLİM ÜNİVERSİTESİ ,Güzel Sanatlar ve Mimarlık Fakültesi,SAY,Burslu,6,---,6,6,---,6,---,"% 100,0",---,---,"383,24302",---,"409,65826",78.493,---,---,"434,825","87,0"
206410483,Vakıf,ANTALYA BİLİM ÜNİVERSİTESİ ,Güzel Sanatlar ve Mimarlık Fakültesi,SAY,%50 İndirimli,38,---,38,26,---,26,12,"% 68,4",---,1,Dolmadı,---,"346,51272",Dolmadı,---,3,"417,663","83,5"
206410492,Vakıf,ANTALYA BİLİM ÜNİVERSİTESİ ,Güzel Sanatlar ve Mimarlık Fakültesi,SAY,%25 İndirimli,16,---,16,0,---,---,16,"% 0,0",---,---,---,---,---,Dolmadı,---,---,---,---
200210731,Vakıf,ATILIM ÜNİVERSİTESİ ,Güzel Sanatlar Tasarım ve Mimarlık Fakültesi,SAY,Ücretli,20,---,20,2,---,2,18,"% 10,0",---,---,Dolmadı,---,"281,63462",Dolmadı,---,---,"406,350","81,3"
200210749,Vakıf,ATILIM ÜNİVERSİTESİ ,Güzel Sanatlar Tasarım ve Mimarlık Fakültesi,SAY,Burslu,6,---,6,6,---,6,---,"% 100,0",---,---,"391,55781",---,"406,85746",71.523,---,1,"438,550","87,7"
200210846,Vakıf,ATILIM ÜNİVERSİTESİ ,Güzel Sanatlar Tasarım ve Mimarlık Fakültesi,SAY,%50 İndirimli,6,---,6,6,---,6,---,"% 100,0",---,---,"340,80865",---,"352,82247",122.353,---,---,"438,825","87,8"
200210873,Vakıf,ATILIM ÜNİVERSİTESİ ,Güzel Sanatlar Tasarım ve Mimarlık Fakültesi,SAY,%25 İndirimli,28,---,28,5,---,5,23,"% 17,9",---,---,Dolmadı,---,"325,63691",Dolmadı,---,---,"424,070","84,8"
200310078,Vakıf,AVRASYA ÜNİVERSİTESİ ,Mühendislik ve Mimarlık Fakültesi,SAY,Ücretli,36,---,36,2,---,2,34,"% 5,6",---,---,Dolmadı,---,"284,51149",Dolmadı,---,---,"421,800","84,4"
200310087,Vakıf,AVRASYA ÜNİVERSİTESİ ,Mühendislik ve Mimarlık Fakültesi,SAY,Burslu,4,---,4,4,---,4,---,"% 100,0",1,---,"333,92121",---,"365,82235",131.413,---,1,"427,788","85,6"
200510401,Vakıf,BAHÇEŞEHİR ÜNİVERSİTESİ ,Mimarlık ve Tasarım Fakültesi,SAY,Ücretli,45,---,45,28,---,28,17,"% 62,2",1,1,Dolmadı,---,"328,50138",Dolmadı,---,---,"431,595","86,3"
200510419,Vakıf,BAHÇEŞEHİR ÜNİVERSİTESİ ,Mimarlık ve Tasarım Fakültesi,SAY,Burslu,9,---,9,9,---,9,---,"% 100,0",---,---,"429,24021",---,"453,82332",43.498,---,1,"446,472","89,3"
200510676,Vakıf,BAHÇEŞEHİR ÜNİVERSİTESİ ,Mimarlık ve Tasarım Fakültesi,SAY,%50 İndirimli,18,---,18,18,---,18,---,"% 100,0",---,---,"350,24626",---,"387,69794",111.184,---,---,"442,400","88,5"
200511426,Vakıf,BAHÇEŞEHİR ÜNİVERSİTESİ ,Mimarlık ve Tasarım Fakültesi,SAY,%25 İndirimli,18,---,18,18,---,18,---,"% 100,0",2,---,"299,78863",---,"346,11092",189.489,---,---,"428,469","85,7"
200611682,Vakıf,BAŞKENT ÜNİVERSİTESİ ,Güzel Sanatlar Tasarım ve Mimarlık Fakültesi,SAY,Ücretli,26,---,26,3,---,3,23,"% 11,5",1,---,Dolmadı,---,"296,37667",Dolmadı,---,---,"429,667","85,9"
200611691,Vakıf,BAŞKENT ÜNİVERSİTESİ ,Güzel Sanatlar Tasarım ve Mimarlık Fakültesi,SAY,Burslu,6,---,6,6,---,6,---,"% 100,0",---,---,"414,63217",---,"433,59648",53.653,---,---,"447,317","89,5"
200611707,Vakıf,BAŞKENT ÜNİVERSİTESİ ,Güzel Sanatlar Tasarım ve Mimarlık Fakültesi,SAY,%50 İndirimli,13,---,13,13,---,13,---,"% 100,0",---,---,"355,89315",---,"382,96261",104.923,---,1,"443,985","88,8"
200611716,Vakıf,BAŞKENT ÜNİVERSİTESİ ,Güzel Sanatlar Tasarım ve Mimarlık Fakültesi,SAY,%25 İndirimli,15,---,15,15,---,15,---,"% 100,0",---,---,"286,79970",---,"347,94023",219.511,---,---,"433,497","86,7"
200710365,Vakıf,BEYKENT ÜNİVERSİTESİ ,Mühendislik-Mimarlık Fakültesi,SAY,Burslu,5,---,5,5,---,5,---,"% 100,0",---,---,"380,93642",---,"401,83585",80.455,---,---,"433,500","86,7"
200790417,Vakıf,BEYKENT ÜNİVERSİTESİ ,Mühendislik-Mimarlık Fakültesi,SAY,%75 İndirimli,6,---,6,6,---,6,---,"% 100,0",---,---,"345,28855",---,"353,72051",116.857,---,---,"403,058","80,6"
200710611,Vakıf,BEYKENT ÜNİVERSİTESİ ,Mühendislik-Mimarlık Fakültesi,SAY,%50 İndirimli,39,---,39,29,---,29,10,"% 74,4",1,1,Dolmadı,---,"334,55138",Dolmadı,---,2,"424,203","84,8"
200711415,Vakıf,BEYKENT ÜNİVERSİTESİ ,Mühendislik-Mimarlık Fakültesi,SAY,Burslu,4,---,4,4,---,4,---,"% 100,0",---,---,"398,43065",---,"420,67726",65.884,---,---,"457,600","91,5"
200790418,Vakıf,BEYKENT ÜNİVERSİTESİ ,Mühendislik-Mimarlık Fakültesi,SAY,%75 İndirimli,12,---,12,12,---,12,---,"% 100,0",---,---,"327,59952",---,"386,50533",140.368,---,---,"441,121","88,2"
200712194,Vakıf,BEYKENT ÜNİVERSİTESİ ,Mühendislik-Mimarlık Fakültesi,SAY,%50 İndirimli,24,---,24,5,---,5,19,"% 20,8",---,---,Dolmadı,---,"315,67664",Dolmadı,---,---,"413,340","82,7"
200851520,Vakıf,BEYKOZ ÜNİVERSİTESİ ,Mühendislik ve Mimarlık Fakültesi,SAY,Burslu,4,---,4,4,---,4,---,"% 100,0",---,---,"360,69780",---,"374,04467",99.802,---,---,"440,875","88,2"
200851521,Vakıf,BEYKOZ ÜNİVERSİTESİ ,Mühendislik ve Mimarlık Fakültesi,SAY,%75 İndirimli,16,---,16,16,---,16,---,"% 100,0",2,---,"288,42425",---,"340,54173",215.408,---,2,"413,922","82,8"
200851522,Vakıf,BEYKOZ ÜNİVERSİTESİ ,Mühendislik ve Mimarlık Fakültesi,SAY,%50 İndirimli,20,---,20,0,---,---,20,"% 0,0",---,---,---,---,---,Dolmadı,---,---,---,---
201110359,Vakıf,ÇANKAYA ÜNİVERSİTESİ ,Mimarlık Fakültesi,SAY,Ücretli,14,---,14,2,---,2,12,"% 14,3",---,---,Dolmadı,---,"279,52575",Dolmadı,---,---,"395,975","79,2"
201110368,Vakıf,ÇANKAYA ÜNİVERSİTESİ ,Mimarlık Fakültesi,SAY,Burslu,7,---,7,7,---,7,---,"% 100,0",---,---,"399,03521",---,"433,88251",65.435,---,---,"433,307","86,7"
201110377,Vakıf,ÇANKAYA ÜNİVERSİTESİ ,Mimarlık Fakültesi,SAY,%50 İndirimli,40,---,40,40,---,40,---,"% 100,0",2,1,"279,76260",---,"382,33735",238.139,---,2,"428,445","85,7"
201190049,Vakıf,ÇANKAYA ÜNİVERSİTESİ ,Mimarlık Fakültesi,SAY,%25 İndirimli,9,---,9,4,---,4,5,"% 44,4",---,---,Dolmadı,---,"307,06219",Dolmadı,---,---,"430,550","86,1"
201210419,Vakıf,DOĞUŞ ÜNİVERSİTESİ ,Sanat ve Tasarım Fakültesi,SAY,Burslu,7,---,7,7,---,7,---,"% 100,0",---,---,"348,67061",---,"390,16008",112.964,---,1,"409,400","81,9"
201210428,Vakıf,DOĞUŞ ÜNİVERSİTESİ ,Sanat ve Tasarım Fakültesi,SAY,%50 İndirimli,63,---,63,18,---,18,45,"% 28,6",---,1,Dolmadı,---,"330,12210",Dolmadı,---,1,"408,881","81,8"
201410083,Vakıf,FATİH SULTAN MEHMET VAKIF ÜNİVERSİTESİ ,Mimarlık ve Tasarım Fakültesi,SAY,Burslu,10,---,10,10,---,10,---,"% 100,0",---,---,"376,01302",---,"418,88897",84.857,---,---,"424,040","84,8"
201410092,Vakıf,FATİH SULTAN MEHMET VAKIF ÜNİVERSİTESİ ,Mimarlık ve Tasarım Fakültesi,SAY,%50 İndirimli,40,---,40,13,---,13,27,"% 32,5",---,1,Dolmadı,---,"383,35420",Dolmadı,---,---,"403,250","80,7"
201410444,Vakıf,FATİH SULTAN MEHMET VAKIF ÜNİVERSİTESİ ,Mimarlık ve Tasarım Fakültesi,SAY,%25 İndirimli,30,---,30,5,---,5,25,"% 16,7",---,---,Dolmadı,---,"297,19016",Dolmadı,---,---,"394,280","78,9"
201910218,Vakıf,HALİÇ ÜNİVERSİTESİ ,Mimarlık Fakültesi,SAY,Burslu,7,---,7,7,---,7,---,"% 100,0",---,---,"363,46577",---,"376,19804",96.983,---,1,"430,279","86,1"
201990470,Vakıf,HALİÇ ÜNİVERSİTESİ ,Mimarlık Fakültesi,SAY,%75 İndirimli,16,---,16,16,---,16,---,"% 100,0",---,---,"320,08592",---,"356,17302",151.999,---,1,"417,597","83,5"
201910606,Vakıf,HALİÇ ÜNİVERSİTESİ ,Mimarlık Fakültesi,SAY,%50 İndirimli,47,---,47,18,---,18,29,"% 38,3",---,---,Dolmadı,---,"317,97528",Dolmadı,---,---,"419,889","84,0"
201610151,Vakıf,HASAN KALYONCU ÜNİVERSİTESİ ,Güzel Sanatlar ve Mimarlık Fakültesi,SAY,Ücretli,29,---,29,1,---,1,28,"% 3,4",---,---,Dolmadı,---,"311,84745",Dolmadı,---,---,"411,750","82,4"
201610169,Vakıf,HASAN KALYONCU ÜNİVERSİTESİ ,Güzel Sanatlar ve Mimarlık Fakültesi,SAY,Burslu,6,---,6,6,---,6,---,"% 100,0",---,---,"334,48093",---,"394,04482",130.664,---,---,"439,725","87,9"
201610178,Vakıf,HASAN KALYONCU ÜNİVERSİTESİ ,Güzel Sanatlar ve Mimarlık Fakültesi,SAY,%50 İndirimli,10,---,10,10,---,10,---,"% 100,0",---,---,"295,24191",---,"335,63685",199.371,---,---,"421,665","84,3"
201610187,Vakıf,HASAN KALYONCU ÜNİVERSİTESİ ,Güzel Sanatlar ve Mimarlık Fakültesi,SAY,%25 İndirimli,15,---,15,9,---,9,6,"% 60,0",---,---,Dolmadı,---,"303,30842",Dolmadı,---,---,"402,039","80,4"
202011601,Vakıf,IŞIK ÜNİVERSİTESİ ,Mimarlık ve Tasarım Fakültesi,SAY,Ücretli,3,---,3,0,---,---,3,"% 0,0",---,---,---,---,---,Dolmadı,---,---,---,---
202011619,Vakıf,IŞIK ÜNİVERSİTESİ ,Mimarlık ve Tasarım Fakültesi,SAY,Burslu,4,---,4,4,---,4,---,"% 100,0",---,---,"387,85487",---,"397,72743",74.587,---,---,"439,913","88,0"
202011964,Vakıf,IŞIK ÜNİVERSİTESİ ,Mimarlık ve Tasarım Fakültesi,SAY,%75 İndirimli,8,---,8,8,---,8,---,"% 100,0",---,---,"288,24032",---,"349,90471",215.906,---,1,"409,863","82,0"
202011628,Vakıf,IŞIK ÜNİVERSİTESİ ,Mimarlık ve Tasarım Fakültesi,SAY,%50 İndirimli,25,---,25,1,---,1,24,"% 4,0",---,---,Dolmadı,---,"306,77181",Dolmadı,---,---,"368,950","73,8"
202011337,Vakıf,IŞIK ÜNİVERSİTESİ ,Mimarlık ve Tasarım Fakültesi,SAY,Ücretli,3,---,3,3,---,3,---,"% 100,0",---,---,"295,44546",---,"306,56560",198.931,---,---,"398,517","79,7"
202011346,Vakıf,IŞIK ÜNİVERSİTESİ ,Mimarlık ve Tasarım Fakültesi,SAY,Burslu,4,---,4,4,---,4,---,"% 100,0",---,---,"396,47430",---,"416,34960",67.451,---,---,"426,413","85,3"
202011973,Vakıf,IŞIK ÜNİVERSİTESİ ,Mimarlık ve Tasarım Fakültesi,SAY,%75 İndirimli,8,---,8,8,---,8,---,"% 100,0",---,---,"291,87693",---,"355,84813",207.069,---,---,"396,656","79,3"
202011355,Vakıf,IŞIK ÜNİVERSİTESİ ,Mimarlık ve Tasarım Fakültesi,SAY,%50 İndirimli,25,---,25,3,---,3,22,"% 12,0",---,---,Dolmadı,---,"288,26789",Dolmadı,---,---,"442,000","88,4"
202111063,Vakıf,İHSAN DOĞRAMACI BİLKENT ÜNİVERSİTESİ ,Güzel Sanatlar Tasarım ve Mimarlık Fakültesi,SAY,Ücretli,45,---,45,45,---,45,---,"% 100,0",---,---,"384,52238",---,"435,70139",77.415,---,---,"451,212","90,2"
202111072,Vakıf,İHSAN DOĞRAMACI BİLKENT ÜNİVERSİTESİ ,Güzel Sanatlar Tasarım ve Mimarlık Fakültesi,SAY,Burslu,7,---,7,7,---,7,---,"% 100,0",---,---,"494,22054",---,"516,32175",8.814,---,---,"479,936","96,0"
202111081,Vakıf,İHSAN DOĞRAMACI BİLKENT ÜNİVERSİTESİ ,Güzel Sanatlar Tasarım ve Mimarlık Fakültesi,SAY,%50 İndirimli,18,---,18,18,---,18,---,"% 100,0",---,---,"438,84837",---,"463,17517",37.119,---,---,"463,406","92,7"
202310451,Vakıf,İSTANBUL AREL ÜNİVERSİTESİ  ,Mühendislik-Mimarlık Fakültesi,SAY,Ücretli,4,---,4,0,---,---,4,"% 0,0",---,---,---,---,---,Dolmadı,---,---,---,---
202310469,Vakıf,İSTANBUL AREL ÜNİVERSİTESİ  ,Mühendislik-Mimarlık Fakültesi,SAY,Burslu,6,---,6,6,---,6,---,"% 100,0",---,---,"354,70297",---,"400,15258",106.202,---,---,"434,300","86,9"
202390119,Vakıf,İSTANBUL AREL ÜNİVERSİTESİ  ,Mühendislik-Mimarlık Fakültesi,SAY,%75 İndirimli,11,---,11,11,---,11,---,"% 100,0",---,---,"277,65113",---,"317,22145",244.268,---,---,"401,082","80,2"
202310936,Vakıf,İSTANBUL AREL ÜNİVERSİTESİ  ,Mühendislik-Mimarlık Fakültesi,SAY,%50 İndirimli,39,---,39,0,---,---,39,"% 0,0",---,---,---,---,---,Dolmadı,---,---,---,---
202410168,Vakıf,İSTANBUL AYDIN ÜNİVERSİTESİ ,Mimarlık ve Tasarım Fakültesi,SAY,Burslu,10,---,10,10,---,10,---,"% 100,0",---,---,"376,71057",---,"412,63184",84.240,---,---,"446,025","89,2"
202410177,Vakıf,İSTANBUL AYDIN ÜNİVERSİTESİ ,Mimarlık ve Tasarım Fakültesi,SAY,%50 İndirimli,90,---,90,25,---,25,65,"% 27,8",2,---,Dolmadı,---,"358,56095",Dolmadı,---,1,"407,620","81,5"
205090041,Vakıf,İSTANBUL AYVANSARAY ÜNİVERSİTESİ ,"Güzel Sanatlar, Tasarım ve Mimarlık Fakültesi",SAY,Burslu,3,---,3,3,---,3,---,"% 100,0",---,---,"343,96593",---,"370,93957",118.463,---,---,"430,100","86,0"
205090068,Vakıf,İSTANBUL AYVANSARAY ÜNİVERSİTESİ ,"Güzel Sanatlar, Tasarım ve Mimarlık Fakültesi",SAY,%75 İndirimli,27,---,27,0,---,---,27,"% 0,0",---,---,---,---,---,Dolmadı,---,---,---,---
202510801,Vakıf,İSTANBUL BİLGİ ÜNİVERSİTESİ ,Mimarlık Fakültesi,SAY,Ücretli,49,---,49,24,---,24,25,"% 49,0",2,---,Dolmadı,---,"348,11673",Dolmadı,---,1,"415,179","83,0"
202510819,Vakıf,İSTANBUL BİLGİ ÜNİVERSİTESİ ,Mimarlık Fakültesi,SAY,Burslu,7,---,7,7,---,7,---,"% 100,0",---,---,"433,12062",---,"444,27664",40.857,---,---,"450,936","90,2"
202511111,Vakıf,İSTANBUL BİLGİ ÜNİVERSİTESİ ,Mimarlık Fakültesi,SAY,%50 İndirimli,7,---,7,7,---,7,---,"% 100,0",---,---,"404,67965",---,"432,23798",61.095,---,---,"463,571","92,7"
202590201,Vakıf,İSTANBUL BİLGİ ÜNİVERSİTESİ ,Mimarlık Fakültesi,SAY,%25 İndirimli,7,---,7,7,---,7,---,"% 100,0",---,---,"348,87573",---,"402,87112",112.726,---,---,"457,050","91,4"
207510179,Vakıf,İSTANBUL ESENYURT ÜNİVERSİTESİ ,Mühendislik ve Mimarlık Fakültesi,SAY,Burslu,5,---,5,5,---,5,---,"% 100,0",---,---,"333,83598",---,"362,32530",131.526,---,---,"403,220","80,6"
207510549,Vakıf,İSTANBUL ESENYURT ÜNİVERSİTESİ ,Mühendislik ve Mimarlık Fakültesi,SAY,%75 İndirimli,14,---,14,9,---,9,5,"% 64,3",---,---,Dolmadı,---,"324,66522",Dolmadı,---,---,"402,361","80,5"
207510188,Vakıf,İSTANBUL ESENYURT ÜNİVERSİTESİ ,Mühendislik ve Mimarlık Fakültesi,SAY,%50 İndirimli,31,---,31,0,---,---,31,"% 0,0",---,---,---,---,---,Dolmadı,---,---,---,---
201710062,Vakıf,İSTANBUL GEDİK ÜNİVERSİTESİ ,Güzel Sanatlar ve Mimarlık Fakültesi,SAY,Burslu,4,---,4,4,---,4,---,"% 100,0",---,---,"383,56960",---,"396,21142",78.201,---,---,"434,838","87,0"
201790226,Vakıf,İSTANBUL GEDİK ÜNİVERSİTESİ ,Güzel Sanatlar ve Mimarlık Fakültesi,SAY,%75 İndirimli,13,---,13,3,---,3,10,"% 23,1",---,---,Dolmadı,---,"302,62992",Dolmadı,---,1,"401,550","80,3"
201710071,Vakıf,İSTANBUL GEDİK ÜNİVERSİTESİ ,Güzel Sanatlar ve Mimarlık Fakültesi,SAY,%50 İndirimli,23,---,23,0,---,---,23,"% 0,0",---,---,---,---,---,Dolmadı,---,---,---,---
202710165,Vakıf,İSTANBUL GELİŞİM ÜNİVERSİTESİ ,Mühendislik-Mimarlık Fakültesi,SAY,Burslu,5,---,5,5,---,5,---,"% 100,0",---,---,"361,43925",---,"383,92543",99.018,---,---,"410,210","82,0"
202790396,Vakıf,İSTANBUL GELİŞİM ÜNİVERSİTESİ ,Mühendislik-Mimarlık Fakültesi,SAY,%75 İndirimli,33,---,33,33,---,33,---,"% 100,0",1,---,"278,44371",---,"334,56157",242.020,---,1,"401,726","80,3"
202710174,Vakıf,İSTANBUL GELİŞİM ÜNİVERSİTESİ ,Mühendislik-Mimarlık Fakültesi,SAY,%50 İndirimli,12,---,12,2,---,2,10,"% 16,7",---,---,Dolmadı,---,"281,78681",Dolmadı,---,---,"394,325","78,9"
202711181,Vakıf,İSTANBUL GELİŞİM ÜNİVERSİTESİ ,Mühendislik-Mimarlık Fakültesi,SAY,Burslu,3,---,3,3,---,3,---,"% 100,0",---,---,"377,66399",---,"390,55297",83.397,---,---,"409,250","81,9"
202790397,Vakıf,İSTANBUL GELİŞİM ÜNİVERSİTESİ ,Mühendislik-Mimarlık Fakültesi,SAY,%75 İndirimli,25,---,25,13,---,13,12,"% 52,0",---,---,Dolmadı,---,"333,41967",Dolmadı,---,---,"391,473","78,3"
202711199,Vakıf,İSTANBUL GELİŞİM ÜNİVERSİTESİ ,Mühendislik-Mimarlık Fakültesi,SAY,%50 İndirimli,2,---,2,1,---,1,1,"% 50,0",---,---,Dolmadı,---,"313,16635",Dolmadı,---,---,"460,900","92,2"
203010415,Vakıf,İSTANBUL KÜLTÜR ÜNİVERSİTESİ ,Mimarlık Fakültesi,SAY,Ücretli,12,---,12,0,---,---,12,"% 0,0",---,---,---,---,---,Dolmadı,---,---,---,---
203010424,Vakıf,İSTANBUL KÜLTÜR ÜNİVERSİTESİ ,Mimarlık Fakültesi,SAY,Burslu,8,---,8,8,---,8,---,"% 100,0",---,---,"388,91540",---,"418,33123",73.716,---,1,"431,219","86,2"
203010433,Vakıf,İSTANBUL KÜLTÜR ÜNİVERSİTESİ ,Mimarlık Fakültesi,SAY,%50 İndirimli,40,---,40,20,---,20,20,"% 50,0",---,---,Dolmadı,---,"375,02527",Dolmadı,---,---,"417,838","83,6"
203010927,Vakıf,İSTANBUL KÜLTÜR ÜNİVERSİTESİ ,Mimarlık Fakültesi,SAY,Ücretli,9,---,9,1,---,1,8,"% 11,1",---,---,Dolmadı,---,"302,34676",Dolmadı,---,1,"423,000","84,6"
203010936,Vakıf,İSTANBUL KÜLTÜR ÜNİVERSİTESİ ,Mimarlık Fakültesi,SAY,Burslu,6,---,6,6,---,6,---,"% 100,0",---,---,"387,26712",---,"407,53647",75.046,---,---,"440,050","88,0"
203010945,Vakıf,İSTANBUL KÜLTÜR ÜNİVERSİTESİ ,Mimarlık Fakültesi,SAY,%50 İndirimli,40,---,40,21,---,21,19,"% 52,5",---,---,Dolmadı,---,"374,21007",Dolmadı,---,1,"418,855","83,8"
203110883,Vakıf,İSTANBUL MEDİPOL ÜNİVERSİTESİ  ,Güzel Sanatlar Tasarım ve Mimarlık Fakültesi,SAY,Burslu,9,---,9,9,---,9,---,"% 100,0",---,---,"406,61714",---,"428,79511",59.652,---,---,"452,050","90,4"
203110892,Vakıf,İSTANBUL MEDİPOL ÜNİVERSİTESİ  ,Güzel Sanatlar Tasarım ve Mimarlık Fakültesi,SAY,%50 İndirimli,81,---,81,69,---,69,12,"% 85,2",4,1,Dolmadı,---,"373,99210",Dolmadı,---,5,"412,629","82,5"
203110856,Vakıf,İSTANBUL MEDİPOL ÜNİVERSİTESİ  ,Güzel Sanatlar Tasarım ve Mimarlık Fakültesi,SAY,Burslu,9,---,9,9,---,9,---,"% 100,0",1,---,"398,00354",---,"431,58884",66.235,---,1,"450,533","90,1"
203110865,Vakıf,İSTANBUL MEDİPOL ÜNİVERSİTESİ  ,Güzel Sanatlar Tasarım ve Mimarlık Fakültesi,SAY,%50 İndirimli,81,---,81,54,---,54,27,"% 66,7",2,---,Dolmadı,---,"380,80893",Dolmadı,---,---,"422,589","84,5"
204712279,Vakıf,İSTANBUL OKAN ÜNİVERSİTESİ ,"Sanat, Tasarım ve Mimarlık Fakültesi",SAY,Burslu,6,---,6,6,---,6,---,"% 100,0",---,---,"343,47085",---,"386,33832",119.071,---,---,"418,525","83,7"
204712288,Vakıf,İSTANBUL OKAN ÜNİVERSİTESİ ,"Sanat, Tasarım ve Mimarlık Fakültesi",SAY,%50 İndirimli,54,---,54,3,---,3,51,"% 5,6",---,---,Dolmadı,---,"318,28082",Dolmadı,---,---,"395,933","79,2"
204711703,Vakıf,İSTANBUL OKAN ÜNİVERSİTESİ ,"Sanat, Tasarım ve Mimarlık Fakültesi",SAY,Burslu,5,---,5,5,---,5,---,"% 100,0",---,---,"321,42098",---,"398,23894",149.814,---,1,"414,040","82,8"
204711678,Vakıf,İSTANBUL OKAN ÜNİVERSİTESİ ,"Sanat, Tasarım ve Mimarlık Fakültesi",SAY,%50 İndirimli,45,---,45,2,---,2,43,"% 4,4",---,---,Dolmadı,---,"308,36359",Dolmadı,---,---,"400,975","80,2"
208110144,Vakıf,İSTANBUL RUMELİ ÜNİVERSİTESİ ,Mühendislik ve Mimarlık Fakültesi,SAY,Burslu,4,---,4,4,---,4,---,"% 100,0",---,---,"332,70350",---,"357,25144",133.135,---,---,"423,200","84,6"
208151115,Vakıf,İSTANBUL RUMELİ ÜNİVERSİTESİ ,Mühendislik ve Mimarlık Fakültesi,SAY,%75 İndirimli,34,---,34,6,---,6,28,"% 17,6",---,---,Dolmadı,---,"295,19084",Dolmadı,---,---,"397,633","79,5"
208110171,Vakıf,İSTANBUL RUMELİ ÜNİVERSİTESİ ,Mühendislik ve Mimarlık Fakültesi,SAY,%50 İndirimli,6,---,6,0,---,---,6,"% 0,0",---,---,---,---,---,Dolmadı,---,---,---,---
203210264,Vakıf,İSTANBUL SABAHATTİN ZAİM ÜNİVERSİTESİ  ,Mühendislik ve Doğa Bilimleri Fakültesi,SAY,Burslu,6,---,6,6,---,6,---,"% 100,0",---,---,"377,17549",---,"396,95245",83.823,---,---,"438,775","87,8"
203210273,Vakıf,İSTANBUL SABAHATTİN ZAİM ÜNİVERSİTESİ  ,Mühendislik ve Doğa Bilimleri Fakültesi,SAY,%50 İndirimli,24,---,24,19,---,19,5,"% 79,2",---,---,Dolmadı,---,"364,56479",Dolmadı,---,---,"426,282","85,3"
203210282,Vakıf,İSTANBUL SABAHATTİN ZAİM ÜNİVERSİTESİ  ,Mühendislik ve Doğa Bilimleri Fakültesi,SAY,%25 İndirimli,30,---,30,1,---,1,29,"% 3,3",---,---,Dolmadı,---,"302,91649",Dolmadı,---,---,"435,100","87,0"
203350384,Vakıf,İSTANBUL ŞEHİR ÜNİVERSİTESİ ,Mimarlık ve Tasarım Fakültesi,SAY,Burslu,5,---,5,5,---,5,---,"% 100,0",---,---,"389,81155",---,"409,99470",72.949,---,---,"439,090","87,8"
203350417,Vakıf,İSTANBUL ŞEHİR ÜNİVERSİTESİ ,Mimarlık ve Tasarım Fakültesi,SAY,%75 İndirimli,10,---,10,10,---,10,---,"% 100,0",---,---,"320,20429",---,"361,48538",151.805,---,---,"422,880","84,6"
203350385,Vakıf,İSTANBUL ŞEHİR ÜNİVERSİTESİ ,Mimarlık ve Tasarım Fakültesi,SAY,%50 İndirimli,35,---,35,12,---,12,23,"% 34,3",---,---,Dolmadı,---,"320,00187",Dolmadı,---,---,"426,025","85,2"
203350386,Vakıf,İSTANBUL ŞEHİR ÜNİVERSİTESİ ,Mimarlık ve Tasarım Fakültesi,SAY,Burslu,4,---,4,4,---,4,---,"% 100,0",---,---,"387,38077",---,"419,61422",74.950,---,---,"433,513","86,7"
203350416,Vakıf,İSTANBUL ŞEHİR ÜNİVERSİTESİ ,Mimarlık ve Tasarım Fakültesi,SAY,%75 İndirimli,8,---,8,8,---,8,---,"% 100,0",---,---,"334,12287",---,"376,36775",131.139,---,---,"428,700","85,7"
203350387,Vakıf,İSTANBUL ŞEHİR ÜNİVERSİTESİ ,Mimarlık ve Tasarım Fakültesi,SAY,%50 İndirimli,28,---,28,17,---,17,11,"% 60,7",---,---,Dolmadı,---,"331,37497",Dolmadı,---,2,"424,321","84,9"
203411118,Vakıf,İSTANBUL TİCARET ÜNİVERSİTESİ ,Mimarlık ve Tasarım Fakültesi,SAY,Ücretli,5,---,5,0,---,---,5,"% 0,0",---,---,---,---,---,Dolmadı,---,---,---,---
203411127,Vakıf,İSTANBUL TİCARET ÜNİVERSİTESİ ,Mimarlık ve Tasarım Fakültesi,SAY,Burslu,7,---,7,7,---,7,---,"% 100,0",---,---,"355,44365",---,"400,14156",105.392,---,1,"428,114","85,6"
203411136,Vakıf,İSTANBUL TİCARET ÜNİVERSİTESİ ,Mimarlık ve Tasarım Fakültesi,SAY,%50 İndirimli,43,---,43,27,---,27,16,"% 62,8",1,---,Dolmadı,---,"333,59199",Dolmadı,---,1,"409,128","81,8"
203411145,Vakıf,İSTANBUL TİCARET ÜNİVERSİTESİ ,Mimarlık ve Tasarım Fakültesi,SAY,%25 İndirimli,15,---,15,0,---,---,15,"% 0,0",---,---,---,---,---,Dolmadı,---,---,---,---
206210025,Vakıf,İSTANBUL YENİ YÜZYIL ÜNİVERSİTESİ  ,Mühendislik-Mimarlık Fakültesi,SAY,Burslu,5,---,5,5,---,5,---,"% 100,0",---,---,"342,04151",---,"367,49002",120.822,---,---,"425,360","85,1"
206210934,Vakıf,İSTANBUL YENİ YÜZYIL ÜNİVERSİTESİ  ,Mühendislik-Mimarlık Fakültesi,SAY,%50 İndirimli,45,---,45,0,---,---,45,"% 0,0",---,---,---,---,---,Dolmadı,---,---,---,---
208410335,Vakıf,İSTİNYE ÜNİVERSİTESİ ,Güzel Sanatlar Tasarım ve Mimarlık Fakültesi,SAY,Burslu,5,---,5,5,---,5,---,"% 100,0",---,---,"378,55401",---,"408,79971",82.598,---,---,"423,530","84,7"
208410344,Vakıf,İSTİNYE ÜNİVERSİTESİ ,Güzel Sanatlar Tasarım ve Mimarlık Fakültesi,SAY,%50 İndirimli,45,---,45,11,---,11,34,"% 24,4",---,---,Dolmadı,---,"330,34855",Dolmadı,---,---,"407,895","81,6"
208450714,Vakıf,İSTİNYE ÜNİVERSİTESİ ,Güzel Sanatlar Tasarım ve Mimarlık Fakültesi,SAY,Burslu,4,---,4,4,---,4,---,"% 100,0",---,---,"400,19870",---,"429,58905",64.556,---,---,"412,238","82,4"
208450715,Vakıf,İSTİNYE ÜNİVERSİTESİ ,Güzel Sanatlar Tasarım ve Mimarlık Fakültesi,SAY,%50 İndirimli,36,---,36,4,---,4,32,"% 11,1",---,---,Dolmadı,---,"378,54670",Dolmadı,---,---,"435,288","87,1"
203510216,Vakıf,İZMİR EKONOMİ ÜNİVERSİTESİ  ,Güzel Sanatlar ve Tasarım Fakültesi,SAY,Ücretli,50,---,50,24,---,24,26,"% 48,0",2,---,Dolmadı,---,"327,69520",Dolmadı,---,1,"420,190","84,0"
203510225,Vakıf,İZMİR EKONOMİ ÜNİVERSİTESİ  ,Güzel Sanatlar ve Tasarım Fakültesi,SAY,Burslu,6,---,6,6,---,6,---,"% 100,0",---,---,"422,76638",---,"449,73697",47.958,---,---,"461,075","92,2"
203510985,Vakıf,İZMİR EKONOMİ ÜNİVERSİTESİ  ,Güzel Sanatlar ve Tasarım Fakültesi,SAY,%50 İndirimli,4,---,4,4,---,4,---,"% 100,0",---,---,"369,77017",---,"397,52321",90.732,---,---,"441,488","88,3"
203590140,Vakıf,İZMİR EKONOMİ ÜNİVERSİTESİ  ,Güzel Sanatlar ve Tasarım Fakültesi,SAY,%25 İndirimli,10,---,10,10,---,10,---,"% 100,0",---,---,"323,95669",---,"358,83289",145.958,---,---,"440,830","88,2"
203711081,Vakıf,KADİR HAS ÜNİVERSİTESİ ,Sanat ve Tasarım Fakültesi,SAY,Burslu,6,---,6,6,---,6,---,"% 100,0",---,---,"420,50627",---,"434,94928",49.429,---,---,"449,783","90,0"
203790193,Vakıf,KADİR HAS ÜNİVERSİTESİ ,Sanat ve Tasarım Fakültesi,SAY,%75 İndirimli,9,---,9,9,---,9,---,"% 100,0",---,---,"365,40319",---,"400,35495",95.019,---,---,"430,583","86,1"
203711099,Vakıf,KADİR HAS ÜNİVERSİTESİ ,Sanat ve Tasarım Fakültesi,SAY,%50 İndirimli,45,---,45,22,---,22,23,"% 48,9",---,1,Dolmadı,---,"352,57630",Dolmadı,---,1,"423,307","84,7"
204010457,Vakıf,KTO KARATAY ÜNİVERSİTESİ ,Güzel Sanatlar ve Tasarım Fakültesi,SAY,Ücretli,30,---,30,16,---,16,14,"% 53,3",1,---,Dolmadı,---,"346,36932",Dolmadı,---,4,"434,728","86,9"
204010466,Vakıf,KTO KARATAY ÜNİVERSİTESİ ,Güzel Sanatlar ve Tasarım Fakültesi,SAY,Burslu,5,---,5,5,---,5,---,"% 100,0",---,---,"393,47927",---,"434,10351",69.901,---,---,"472,730","94,5"
204010687,Vakıf,KTO KARATAY ÜNİVERSİTESİ ,Güzel Sanatlar ve Tasarım Fakültesi,SAY,%75 İndirimli,5,---,5,5,---,5,---,"% 100,0",---,---,"290,17352",---,"370,14707",211.202,---,---,"427,930","85,6"
204010475,Vakıf,KTO KARATAY ÜNİVERSİTESİ ,Güzel Sanatlar ve Tasarım Fakültesi,SAY,%50 İndirimli,10,---,10,2,---,2,8,"% 20,0",---,2,Dolmadı,---,"355,10898",Dolmadı,---,---,"465,850","93,2"
204111578,Vakıf,MALTEPE ÜNİVERSİTESİ ,Mimarlık ve Tasarım Fakültesi,SAY,Burslu,8,---,8,8,---,8,---,"% 100,0",---,---,"377,42760",---,"410,00600",83.589,---,2,"431,375","86,3"
204190388,Vakıf,MALTEPE ÜNİVERSİTESİ ,Mimarlık ve Tasarım Fakültesi,SAY,%75 İndirimli,7,---,7,7,---,7,---,"% 100,0",---,---,"323,56271",---,"376,42944",146.536,---,---,"400,171","80,0"
204112416,Vakıf,MALTEPE ÜNİVERSİTESİ ,Mimarlık ve Tasarım Fakültesi,SAY,%50 İndirimli,63,---,63,17,---,17,46,"% 27,0",---,---,Dolmadı,---,"321,79794",Dolmadı,---,2,"415,362","83,1"
204110517,Vakıf,MALTEPE ÜNİVERSİTESİ ,Mimarlık ve Tasarım Fakültesi,SAY,Burslu,7,---,7,7,---,7,---,"% 100,0",---,---,"389,48005",---,"425,73279",73.235,---,---,"465,593","93,1"
204190375,Vakıf,MALTEPE ÜNİVERSİTESİ ,Mimarlık ve Tasarım Fakültesi,SAY,%75 İndirimli,15,---,15,15,---,15,---,"% 100,0",---,---,"331,40604",---,"366,91407",134.944,---,---,"433,737","86,7"
204110305,Vakıf,MALTEPE ÜNİVERSİTESİ ,Mimarlık ve Tasarım Fakültesi,SAY,%50 İndirimli,44,---,44,13,---,13,31,"% 29,5",1,---,Dolmadı,---,"324,22082",Dolmadı,---,---,"418,888","83,8"
207210234,Vakıf,MEF ÜNİVERSİTESİ ,"Sanat, Tasarım ve Mimarlık Fakültesi",SAY,Burslu,7,---,7,7,---,7,---,"% 100,0",---,---,"420,14305",---,"430,00628",49.687,---,---,"447,250","89,5"
207210252,Vakıf,MEF ÜNİVERSİTESİ ,"Sanat, Tasarım ve Mimarlık Fakültesi",SAY,%50 İndirimli,58,---,58,54,---,54,4,"% 93,1",---,---,Dolmadı,---,"408,31028",Dolmadı,---,3,"424,628","84,9"
207210261,Vakıf,MEF ÜNİVERSİTESİ ,"Sanat, Tasarım ve Mimarlık Fakültesi",SAY,%25 İndirimli,8,---,8,2,---,2,6,"% 25,0",1,---,Dolmadı,---,"291,90509",Dolmadı,---,---,"399,750","80,0"
204510125,Vakıf,NİŞANTAŞI ÜNİVERSİTESİ ,Mühendislik-Mimarlık Fakültesi,SAY,Burslu,5,---,5,5,---,5,---,"% 100,0",---,---,"337,89578",---,"372,39742",126.187,---,---,"436,650","87,3"
204510779,Vakıf,NİŞANTAŞI ÜNİVERSİTESİ ,Mühendislik-Mimarlık Fakültesi,SAY,%75 İndirimli,34,---,34,3,---,3,31,"% 8,8",---,---,Dolmadı,---,"319,88745",Dolmadı,---,---,"403,467","80,7"
204510294,Vakıf,NİŞANTAŞI ÜNİVERSİTESİ ,Mühendislik-Mimarlık Fakültesi,SAY,%50 İndirimli,10,---,10,0,---,---,10,"% 0,0",---,---,---,---,---,Dolmadı,---,---,---,---
204511017,Vakıf,NİŞANTAŞI ÜNİVERSİTESİ ,Mühendislik-Mimarlık Fakültesi,SAY,Burslu,4,---,4,4,---,4,---,"% 100,0",---,---,"334,83201",---,"395,24422",130.196,---,---,"428,263","85,7"
204511026,Vakıf,NİŞANTAŞI ÜNİVERSİTESİ ,Mühendislik-Mimarlık Fakültesi,SAY,%75 İndirimli,33,---,33,3,---,3,30,"% 9,1",---,---,Dolmadı,---,"335,20759",Dolmadı,---,1,"398,000","79,6"
204511344,Vakıf,NİŞANTAŞI ÜNİVERSİTESİ ,Mühendislik-Mimarlık Fakültesi,SAY,%50 İndirimli,3,---,3,0,---,---,3,"% 0,0",---,---,---,---,---,Dolmadı,---,---,---,---
204610133,Vakıf,NUH NACİ YAZGAN ÜNİVERSİTESİ ,Güzel Sanatlar ve Tasarım Fakültesi,SAY,Ücretli,31,---,31,5,---,5,26,"% 16,1",1,---,Dolmadı,---,"314,64522",Dolmadı,---,1,"434,870","87,0"
204610142,Vakıf,NUH NACİ YAZGAN ÜNİVERSİTESİ ,Güzel Sanatlar ve Tasarım Fakültesi,SAY,Burslu,4,---,4,4,---,4,---,"% 100,0",---,---,"344,33686",---,"380,93554",117.974,---,2,"426,825","85,4"
204610151,Vakıf,NUH NACİ YAZGAN ÜNİVERSİTESİ ,Güzel Sanatlar ve Tasarım Fakültesi,SAY,%50 İndirimli,5,---,5,5,---,5,---,"% 100,0",---,---,"322,53852",---,"337,73679",148.072,---,---,"423,880","84,8"
204810704,Vakıf,ÖZYEĞİN ÜNİVERSİTESİ ,Mimarlık ve Tasarım Fakültesi,SAY,Ücretli,6,---,6,0,---,---,6,"% 0,0",---,---,---,---,---,Dolmadı,---,---,---,---
204810616,Vakıf,ÖZYEĞİN ÜNİVERSİTESİ ,Mimarlık ve Tasarım Fakültesi,SAY,Burslu,7,---,7,7,---,7,---,"% 100,0",---,---,"422,57161",---,"443,44282",48.065,---,---,"442,029","88,4"
204810634,Vakıf,ÖZYEĞİN ÜNİVERSİTESİ ,Mimarlık ve Tasarım Fakültesi,SAY,%50 İndirimli,33,---,33,33,---,33,---,"% 100,0",---,---,"300,06279",---,"412,76945",188.925,---,---,"432,539","86,5"
204810643,Vakıf,ÖZYEĞİN ÜNİVERSİTESİ ,Mimarlık ve Tasarım Fakültesi,SAY,%25 İndirimli,28,---,28,19,---,19,9,"% 67,9",---,---,Dolmadı,---,"318,79110",Dolmadı,---,---,"415,655","83,1"
204810855,Vakıf,ÖZYEĞİN ÜNİVERSİTESİ ,Mimarlık ve Tasarım Fakültesi,SAY,Ücretli,11,---,11,11,---,11,---,"% 100,0",---,---,"283,01942",---,"299,44944",229.336,---,---,"413,027","82,6"
204810864,Vakıf,ÖZYEĞİN ÜNİVERSİTESİ ,Mimarlık ve Tasarım Fakültesi,SAY,Burslu,7,---,7,7,---,7,---,"% 100,0",---,---,"441,73328",---,"457,66813",35.306,---,---,"454,321","90,9"
204810873,Vakıf,ÖZYEĞİN ÜNİVERSİTESİ ,Mimarlık ve Tasarım Fakültesi,SAY,%50 İndirimli,15,---,15,15,---,15,---,"% 100,0",---,---,"390,25418",---,"431,13835",72.583,---,---,"446,580","89,3"
204810934,Vakıf,ÖZYEĞİN ÜNİVERSİTESİ ,Mimarlık ve Tasarım Fakültesi,SAY,%25 İndirimli,41,---,41,41,---,41,---,"% 100,0",---,---,"303,34480",---,"388,69681",182.053,---,1,"438,359","87,7"
206710214,Vakıf,TED ÜNİVERSİTESİ ,Mimarlık Fakültesi,SAY,Ücretli,25,---,25,11,---,11,14,"% 44,0",---,---,Dolmadı,---,"314,90621",Dolmadı,---,---,"421,109","84,2"
206710011,Vakıf,TED ÜNİVERSİTESİ ,Mimarlık Fakültesi,SAY,Burslu,8,---,8,8,---,8,---,"% 100,0",---,---,"440,29084",---,"453,83829",36.186,---,---,"465,513","93,1"
206710047,Vakıf,TED ÜNİVERSİTESİ ,Mimarlık Fakültesi,SAY,%50 İndirimli,22,---,22,22,---,22,---,"% 100,0",---,---,"372,83157",---,"417,69045",87.750,---,1,"453,023","90,6"
206710144,Vakıf,TED ÜNİVERSİTESİ ,Mimarlık Fakültesi,SAY,%25 İndirimli,22,---,22,22,---,22,---,"% 100,0",---,---,"316,80909",---,"380,54479",157.327,---,2,"435,091","87,0"
205410502,Vakıf,TOBB EKONOMİ VE TEKNOLOJİ ÜNİVERSİTESİ ,Mimarlık ve Tasarım Fakültesi,SAY,Ücretli,35,---,35,35,---,35,---,"% 100,0",---,---,"282,34685",---,"386,47320",231.102,---,---,"435,097","87,0"
205410432,Vakıf,TOBB EKONOMİ VE TEKNOLOJİ ÜNİVERSİTESİ ,Mimarlık ve Tasarım Fakültesi,SAY,Burslu,5,---,5,5,---,5,---,"% 100,0",---,---,"451,73695",---,"478,38648",29.234,---,---,"467,190","93,4"
205410441,Vakıf,TOBB EKONOMİ VE TEKNOLOJİ ÜNİVERSİTESİ ,Mimarlık ve Tasarım Fakültesi,SAY,%50 İndirimli,10,---,10,10,---,10,---,"% 100,0",---,---,"404,92638",---,"430,61847",60.919,---,---,"462,694","92,5"
205510555,Vakıf,TOROS ÜNİVERSİTESİ ,"Güzel Sanatlar, Tasarım ve Mimarlık Fakültesi",SAY,Ücretli,25,---,25,0,---,---,25,"% 0,0",---,---,---,---,---,Dolmadı,---,---,---,---
205510564,Vakıf,TOROS ÜNİVERSİTESİ ,"Güzel Sanatlar, Tasarım ve Mimarlık Fakültesi",SAY,Burslu,5,---,5,5,---,5,---,"% 100,0",---,---,"341,65281",---,"364,43180",121.309,---,1,"395,730","79,1"
205510573,Vakıf,TOROS ÜNİVERSİTESİ ,"Güzel Sanatlar, Tasarım ve Mimarlık Fakültesi",SAY,%50 İndirimli,20,---,20,3,---,3,17,"% 15,0",---,---,Dolmadı,---,"288,92738",Dolmadı,---,---,"393,200","78,6"
206010363,Vakıf,YAŞAR ÜNİVERSİTESİ ,Mimarlık Fakültesi,SAY,Ücretli,45,---,45,12,---,12,33,"% 26,7",---,---,Dolmadı,---,"315,20200",Dolmadı,---,1,"393,392","78,7"
206010372,Vakıf,YAŞAR ÜNİVERSİTESİ ,Mimarlık Fakültesi,SAY,Burslu,7,---,7,7,---,7,---,"% 100,0",---,---,"403,10629",---,"420,76021",62.298,---,---,"422,786","84,6"
206010381,Vakıf,YAŞAR ÜNİVERSİTESİ ,Mimarlık Fakültesi,SAY,%50 İndirimli,10,---,10,10,---,10,---,"% 100,0",---,---,"341,54593",---,"408,04179",121.454,---,---,"444,805","89,0"
206011104,Vakıf,YAŞAR ÜNİVERSİTESİ ,Mimarlık Fakültesi,SAY,%25 İndirimli,8,---,8,8,---,8,---,"% 100,0",---,---,"302,69698",---,"363,54581",183.399,---,---,"439,356","87,9"
206110705,Vakıf,YEDİTEPE ÜNİVERSİTESİ ,Mimarlık Fakültesi,SAY,Ücretli,25,---,25,1,---,1,24,"% 4,0",---,---,Dolmadı,---,"281,44460",Dolmadı,---,---,"407,250","81,5"
206110714,Vakıf,YEDİTEPE ÜNİVERSİTESİ ,Mimarlık Fakültesi,SAY,Burslu,9,---,9,9,---,9,---,"% 100,0",---,---,"422,12376",---,"454,78087",48.362,---,---,"456,756","91,4"
206111333,Vakıf,YEDİTEPE ÜNİVERSİTESİ ,Mimarlık Fakültesi,SAY,%50 İndirimli,31,---,31,31,---,31,---,"% 100,0",---,---,"337,74397",---,"404,91196",126.400,---,---,"444,192","88,8"
206112182,Vakıf,YEDİTEPE ÜNİVERSİTESİ ,Mimarlık Fakültesi,SAY,%25 İndirimli,25,---,25,18,---,18,7,"% 72,0",2,2,Dolmadı,---,"336,63590",Dolmadı,---,1,"432,883","86,6"
300110573,KKTC,DOĞU AKDENİZ ÜNİVERSİTESİ ,Mimarlık Fakültesi,SAY,Ücretli,11,---,11,0,---,---,11,"% 0,0",---,---,---,---,---,Dolmadı,---,---,---,---
300110582,KKTC,DOĞU AKDENİZ ÜNİVERSİTESİ ,Mimarlık Fakültesi,SAY,Burslu,4,---,4,4,---,4,---,"% 100,0",---,---,"340,69367",---,"397,50901",122.515,---,---,"427,825","85,6"
300190371,KKTC,DOĞU AKDENİZ ÜNİVERSİTESİ ,Mimarlık Fakültesi,SAY,%75 İndirimli,7,---,7,7,---,7,---,"% 100,0",---,---,"284,38294",---,"338,54901",225.659,---,---,"397,450","79,5"
300111359,KKTC,DOĞU AKDENİZ ÜNİVERSİTESİ ,Mimarlık Fakültesi,SAY,%50 İndirimli,18,---,18,0,---,---,18,"% 0,0",---,---,---,---,---,Dolmadı,---,---,---,---
300211719,KKTC,GİRNE AMERİKAN ÜNİVERSİTESİ ,"Mimarlık, Tasarım ve Güzel Sanatlar Fakültesi",SAY,Ücretli,5,---,5,0,---,---,5,"% 0,0",---,---,---,---,---,Dolmadı,---,---,---,---
300211728,KKTC,GİRNE AMERİKAN ÜNİVERSİTESİ ,"Mimarlık, Tasarım ve Güzel Sanatlar Fakültesi",SAY,Burslu,7,---,7,2,---,2,5,"% 28,6",---,---,Dolmadı,---,"304,70252",Dolmadı,---,---,"414,550","82,9"
300211737,KKTC,GİRNE AMERİKAN ÜNİVERSİTESİ ,"Mimarlık, Tasarım ve Güzel Sanatlar Fakültesi",SAY,%75 İndirimli,11,---,11,0,---,---,11,"% 0,0",---,---,---,---,---,Dolmadı,---,---,---,---
300211746,KKTC,GİRNE AMERİKAN ÜNİVERSİTESİ ,"Mimarlık, Tasarım ve Güzel Sanatlar Fakültesi",SAY,%50 İndirimli,7,---,7,0,---,---,7,"% 0,0",---,---,---,---,---,Dolmadı,---,---,---,---
300210439,KKTC,GİRNE AMERİKAN ÜNİVERSİTESİ ,"Mimarlık, Tasarım ve Güzel Sanatlar Fakültesi",SAY,Ücretli,5,---,5,0,---,---,5,"% 0,0",---,---,---,---,---,Dolmadı,---,---,---,---
300210827,KKTC,GİRNE AMERİKAN ÜNİVERSİTESİ ,"Mimarlık, Tasarım ve Güzel Sanatlar Fakültesi",SAY,Burslu,7,---,7,7,---,7,---,"% 100,0",---,---,"292,86327",---,"320,95917",204.747,---,1,"419,200","83,8"
300211597,KKTC,GİRNE AMERİKAN ÜNİVERSİTESİ ,"Mimarlık, Tasarım ve Güzel Sanatlar Fakültesi",SAY,%75 İndirimli,10,---,10,0,---,---,10,"% 0,0",---,---,---,---,---,Dolmadı,---,---,---,---
300210448,KKTC,GİRNE AMERİKAN ÜNİVERSİTESİ ,"Mimarlık, Tasarım ve Güzel Sanatlar Fakültesi",SAY,%50 İndirimli,8,---,8,0,---,---,8,"% 0,0",---,---,---,---,---,Dolmadı,---,---,---,---
300710452,KKTC,GİRNE ÜNİVERSİTESİ ,Mimarlık Fakültesi,SAY,Burslu,10,---,10,3,---,3,7,"% 30,0",1,---,Dolmadı,---,"302,67285",Dolmadı,---,---,"417,317","83,5"
300790040,KKTC,GİRNE ÜNİVERSİTESİ ,Mimarlık Fakültesi,SAY,%75 İndirimli,20,---,20,4,---,4,16,"% 20,0",---,---,Dolmadı,---,"289,10640",Dolmadı,---,1,"396,313","79,3"
300910017,KKTC,KIBRIS AMERİKAN ÜNİVERSİTESİ ,Güzel Sanatlar Fakültesi,SAY,Ücretli,7,---,7,1,---,1,6,"% 14,3",---,---,Dolmadı,---,"278,25491",Dolmadı,---,---,"458,100","91,6"
300910026,KKTC,KIBRIS AMERİKAN ÜNİVERSİTESİ ,Güzel Sanatlar Fakültesi,SAY,Burslu,7,---,7,0,---,---,7,"% 0,0",---,---,---,---,---,Dolmadı,---,---,---,---
300910035,KKTC,KIBRIS AMERİKAN ÜNİVERSİTESİ ,Güzel Sanatlar Fakültesi,SAY,%75 İndirimli,8,---,8,0,---,---,8,"% 0,0",---,---,---,---,---,Dolmadı,---,---,---,---
300910044,KKTC,KIBRIS AMERİKAN ÜNİVERSİTESİ ,Güzel Sanatlar Fakültesi,SAY,%50 İndirimli,8,---,8,0,---,---,8,"% 0,0",---,---,---,---,---,Dolmadı,---,---,---,---
300311603,KKTC,LEFKE AVRUPA ÜNİVERSİTESİ ,Mimarlık Fakültesi,SAY,Burslu,12,---,12,4,---,4,8,"% 33,3",---,---,Dolmadı,---,"324,64329",Dolmadı,---,---,"412,413","82,5"
300390256,KKTC,LEFKE AVRUPA ÜNİVERSİTESİ ,Mimarlık Fakültesi,SAY,%75 İndirimli,20,---,20,0,---,---,20,"% 0,0",---,---,---,---,---,Dolmadı,---,---,---,---
300311612,KKTC,LEFKE AVRUPA ÜNİVERSİTESİ ,Mimarlık Fakültesi,SAY,%50 İndirimli,8,---,8,0,---,---,8,"% 0,0",---,---,---,---,---,Dolmadı,---,---,---,---
300310314,KKTC,LEFKE AVRUPA ÜNİVERSİTESİ ,Mimarlık Fakültesi,SAY,Burslu,24,---,24,10,---,10,14,"% 41,7",---,1,Dolmadı,---,"307,83066",Dolmadı,---,---,"424,570","84,9"
300312001,KKTC,LEFKE AVRUPA ÜNİVERSİTESİ ,Mimarlık Fakültesi,SAY,%75 İndirimli,12,---,12,0,---,---,12,"% 0,0",---,---,---,---,---,Dolmadı,---,---,---,---
300311118,KKTC,LEFKE AVRUPA ÜNİVERSİTESİ ,Mimarlık Fakültesi,SAY,%50 İndirimli,4,---,4,0,---,---,4,"% 0,0",---,---,---,---,---,Dolmadı,---,---,---,---
301310268,KKTC,ULUSLARARASI FİNAL ÜNİVERSİTESİ ,Mimarlık ve Güzel Sanatlar Fakültesi,SAY,Ücretli,4,---,4,0,---,---,4,"% 0,0",---,---,---,---,---,Dolmadı,---,---,---,---
301310277,KKTC,ULUSLARARASI FİNAL ÜNİVERSİTESİ ,Mimarlık ve Güzel Sanatlar Fakültesi,SAY,Burslu,6,---,6,0,---,---,6,"% 0,0",---,1,---,---,---,Dolmadı,---,---,---,---
301310286,KKTC,ULUSLARARASI FİNAL ÜNİVERSİTESİ ,Mimarlık ve Güzel Sanatlar Fakültesi,SAY,%50 İndirimli,20,---,20,0,---,---,20,"% 0,0",---,3,---,---,---,Dolmadı,---,---,---,---
300411692,KKTC,ULUSLARARASI KIBRIS ÜNİVERSİTESİ ,Güzel Sanatlar Tasarım ve Mimarlık Fakültesi,SAY,Ücretli,4,---,4,0,---,---,4,"% 0,0",---,---,---,---,---,Dolmadı,---,---,---,---
300411708,KKTC,ULUSLARARASI KIBRIS ÜNİVERSİTESİ ,Güzel Sanatlar Tasarım ve Mimarlık Fakültesi,SAY,Burslu,7,---,7,2,---,2,5,"% 28,6",---,---,Dolmadı,---,"336,62841",Dolmadı,---,1,"384,975","77,0"
300411717,KKTC,ULUSLARARASI KIBRIS ÜNİVERSİTESİ ,Güzel Sanatlar Tasarım ve Mimarlık Fakültesi,SAY,%75 İndirimli,15,---,15,0,---,---,15,"% 0,0",---,---,---,---,---,Dolmadı,---,---,---,---
300411726,KKTC,ULUSLARARASI KIBRIS ÜNİVERSİTESİ ,Güzel Sanatlar Tasarım ve Mimarlık Fakültesi,SAY,%50 İndirimli,4,---,4,0,---,---,4,"% 0,0",---,---,---,---,---,Dolmadı,---,---,---,---
300410119,KKTC,ULUSLARARASI KIBRIS ÜNİVERSİTESİ ,Güzel Sanatlar Tasarım ve Mimarlık Fakültesi,SAY,Ücretli,3,---,3,0,---,---,3,"% 0,0",---,---,---,---,---,Dolmadı,---,---,---,---
300410764,KKTC,ULUSLARARASI KIBRIS ÜNİVERSİTESİ ,Güzel Sanatlar Tasarım ve Mimarlık Fakültesi,SAY,Burslu,14,---,14,5,---,5,9,"% 35,7",---,---,Dolmadı,---,"310,61111",Dolmadı,---,---,"426,310","85,3"
300411056,KKTC,ULUSLARARASI KIBRIS ÜNİVERSİTESİ ,Güzel Sanatlar Tasarım ve Mimarlık Fakültesi,SAY,%75 İndirimli,10,---,10,0,---,---,10,"% 0,0",---,---,---,---,---,Dolmadı,---,---,---,---
300410128,KKTC,ULUSLARARASI KIBRIS ÜNİVERSİTESİ ,Güzel Sanatlar Tasarım ve Mimarlık Fakültesi,SAY,%50 İndirimli,3,---,3,0,---,---,3,"% 0,0",---,---,---,---,---,Dolmadı,---,---,---,---
300511797,KKTC,YAKIN DOĞU ÜNİVERSİTESİ ,Mimarlık Fakültesi,SAY,Burslu,11,---,11,6,---,6,5,"% 54,5",---,---,Dolmadı,---,"347,77079",Dolmadı,---,1,"440,350","88,1"
300513236,KKTC,YAKIN DOĞU ÜNİVERSİTESİ ,Mimarlık Fakültesi,SAY,%75 İndirimli,18,---,18,0,---,---,18,"% 0,0",---,---,---,---,---,Dolmadı,---,---,---,---
300511804,KKTC,YAKIN DOĞU ÜNİVERSİTESİ ,Mimarlık Fakültesi,SAY,%50 İndirimli,11,---,11,0,---,---,11,"% 0,0",---,---,---,---,---,Dolmadı,---,---,---,---
300510587,KKTC,YAKIN DOĞU ÜNİVERSİTESİ ,Mimarlık Fakültesi,SAY,Burslu,11,---,11,5,---,5,6,"% 45,5",---,---,Dolmadı,---,"303,94592",Dolmadı,---,---,"418,680","83,7"
300513006,KKTC,YAKIN DOĞU ÜNİVERSİTESİ ,Mimarlık Fakültesi,SAY,%75 İndirimli,11,---,11,1,---,1,10,"% 9,1",---,---,Dolmadı,---,"288,86475",Dolmadı,---,---,"438,250","87,7"
300511655,KKTC,YAKIN DOĞU ÜNİVERSİTESİ ,Mimarlık Fakültesi,SAY,%50 İndirimli,8,---,8,0,---,---,8,"% 0,0",---,---,---,---,---,Dolmadı,---,---,---,---
401510035,Yabancı,AZERBAYCAN MİMARLIK VE İNŞAAT ÜNİVERSİTESİ ,Mimarlık Fakültesi,SAY,Ücretli,10,---,10,0,---,---,10,"% 0,0",---,---,---,---,---,Dolmadı,---,---,---,---
406210156,Yabancı,NAHCİVAN DEVLET ÜNİVERSİTESİ ,Mimarlık ve Mühendislik Fakültesi,SAY,Ücretli,5,---,5,0,---,---,5,"% 0,0",---,---,---,---,---,Dolmadı,---,---,---,---
409610285,Yabancı,ULUSLARARASI BALKAN ÜNİVERSİTESİ ,Mühendislik Fakültesi,SAY,Ücretli,15,---,15,0,---,---,15,"% 0,0",---,---,---,---,---,Dolmadı,---,---,---,---
409610294,Yabancı,ULUSLARARASI BALKAN ÜNİVERSİTESİ ,Mühendislik Fakültesi,SAY,%50 İndirimli,5,---,5,0,---,---,5,"% 0,0",---,---,---,---,---,Dolmadı,---,---,---,---
409610301,Yabancı,ULUSLARARASI BALKAN ÜNİVERSİTESİ ,Mühendislik Fakültesi,SAY,%25 İndirimli,10,---,10,0,---,---,10,"% 0,0",---,---,---,---,---,Dolmadı,---,---,---,---
408810523,Yabancı,ULUSLARARASI SARAYBOSNA ÜNİVERSİTESİ ,Mühendislik ve Doğa Bilimleri Fakültesi,SAY,Burslu,1,---,1,1,---,1,---,"% 100,0",---,---,"303,11027",---,"303,11027",182.565,---,---,"398,250","79,7"
408810638,Yabancı,ULUSLARARASI SARAYBOSNA ÜNİVERSİTESİ ,Mühendislik ve Doğa Bilimleri Fakültesi,SAY,%75 İndirimli,10,---,10,1,---,1,9,"% 10,0",---,---,Dolmadı,---,"279,62438",Dolmadı,---,---,"412,300","82,5"
408810302,Yabancı,ULUSLARARASI SARAYBOSNA ÜNİVERSİTESİ ,Mühendislik ve Doğa Bilimleri Fakültesi,SAY,%50 İndirimli,10,---,10,0,---,---,10,"% 0,0",---,---,---,---,---,Dolmadı,---,---,---,---
